i,j,l,u,iatom,jatom,ires,jres
1,2,1.4910311500743931e+00,1.4910311500743931e+00,N,CA,THR,THR
1,3,2.4782385427068347e+00,2.4782385427068347e+00,N,C,THR,THR
1,4,3.6418923105190948e+00,3.7418923105190949e+00,N,N,THR,SER
1,5,4.8523248366189415e+00,4.9523248366189421e+00,N,CA,THR,SER
1,6,5.2413099984623335e+00,5.3413099984623340e+00,N,C,THR,SER
1,7,5.3800771575712529e+00,5.4800771575712526e+00,N,N,THR,ALA
1,9,5.8997269202853770e+00,5.9997269202853776e+00,N,C,THR,ALA
1,10,4.7321291906957690e+00,4.8321291906957686e+00,N,N,THR,GLN
1,11,4.7555026616013860e+00,4.8555026616013865e+00,N,CA,THR,GLN
1,12,5.3790781837819122e+00,5.4790781837819118e+00,N,C,THR,GLN
1,13,5.0368870811655695e+00,5.1368870811655691e+00,N,N,THR,LYS
2,3,1.5306163885413220e+00,1.5306163885413220e+00,CA,C,THR,THR
2,4,2.4269472837565558e+00,2.4269472837565558e+00,CA,N,THR,SER
2,5,3.7980625688619427e+00,3.8980625688619424e+00,CA,CA,THR,SER
2,6,4.3607322511716715e+00,4.4607322511716712e+00,CA,C,THR,SER
2,7,4.4011027473037183e+00,4.5011027473037180e+00,CA,N,THR,ALA
2,8,5.5065601666640944e+00,5.6065601666640941e+00,CA,CA,THR,ALA
2,9,5.4778252480271217e+00,5.5778252480271222e+00,CA,C,THR,ALA
2,10,4.4690010111280651e+00,4.5690010111280648e+00,CA,N,THR,GLN
2,11,5.0165198814079961e+00,5.1165198814079966e+00,CA,CA,THR,GLN
2,12,5.6231207210911220e+00,5.7231207210911217e+00,CA,C,THR,GLN
2,13,5.1686830895315010e+00,5.2686830895315016e+00,CA,N,THR,LYS
3,4,1.3050130010724079e+00,1.3050130010724079e+00,C,N,THR,SER
3,5,2.4237156823826069e+00,2.4237156823826069e+00,C,CA,THR,SER
3,6,2.9387343124200269e+00,3.0387343124200270e+00,C,C,THR,SER
3,7,3.3364653239148598e+00,3.4364653239148595e+00,C,N,THR,ALA
3,8,4.5235145990617234e+00,4.6235145990617230e+00,C,CA,THR,ALA
3,9,4.5360811388692870e+00,4.6360811388692866e+00,C,C,THR,ALA
3,10,3.7617921617911962e+00,3.8617921617911959e+00,C,N,THR,GLN
3,11,4.4197477033865757e+00,4.5197477033865754e+00,C,CA,THR,GLN
3,12,4.8167477692044303e+00,4.9167477692044308e+00,C,C,THR,GLN
3,13,4.1802349479047196e+00,4.2802349479047201e+00,C,N,THR,LYS
3,14,5.1084551836767362e+00,5.2084551836767359e+00,C,CA,THR,LYS
4,5,1.4916826490517896e+00,1.4916826490517896e+00,N,CA,SER,SER
4,6,2.4792938443290704e+00,2.4792938443290704e+00,N,C,SER,SER
4,7,2.7924847332475071e+00,2.8924847332475072e+00,N,N,SER,ALA
4,8,4.2794563641457950e+00,4.3794563641457946e+00,N,CA,SER,ALA
4,9,4.6133677755246572e+00,4.7133677755246568e+00,N,C,SER,ALA
4,10,4.2449403191353161e+00,4.3449403191353158e+00,N,N,SER,GLN
4,11,5.2536837624450214e+00,5.3536837624450211e+00,N,CA,SER,GLN
4,12,5.5901349875246371e+00,5.6901349875246368e+00,N,C,SER,GLN
4,13,4.8182337254849656e+00,4.9182337254849662e+00,N,N,SER,LYS
4,14,5.7745443011452817e+00,5.8745443011452823e+00,N,CA,SER,LYS
5,6,1.5306407697940918e+00,1.5306407697940918e+00,CA,C,SER,SER
5,7,2.4281371782801862e+00,2.4281371782801862e+00,CA,N,SER,ALA
5,8,3.7291232623387609e+00,3.8291232623387605e+00,CA,CA,SER,ALA
5,9,4.3131953094466295e+00,4.4131953094466301e+00,CA,C,SER,ALA
5,10,4.2588328909949897e+00,4.3588328909949894e+00,CA,N,SER,GLN
5,11,5.3957337732884394e+00,5.4957337732884399e+00,CA,CA,SER,GLN
5,12,5.5125570759592266e+00,5.6125570759592263e+00,CA,C,SER,GLN
5,13,4.5680812184428170e+00,4.6680812184428166e+00,CA,N,SER,LYS
5,14,5.1695119239211564e+00,5.2695119239211561e+00,CA,CA,SER,LYS
5,15,5.8831002790318969e+00,5.9831002790318966e+00,CA,C,SER,LYS
5,16,5.5770959442308410e+00,5.6770959442308406e+00,CA,N,SER,ALA
6,7,1.3056772336114781e+00,1.3056772336114781e+00,C,N,SER,ALA
6,8,2.4195159177459820e+00,2.4195159177459820e+00,C,CA,SER,ALA
6,9,2.9202047759678305e+00,3.0202047759678301e+00,C,C,SER,ALA
6,10,3.1240639673918302e+00,3.2240639673918299e+00,C,N,SER,GLN
6,11,4.3803220522190287e+00,4.4803220522190284e+00,C,CA,SER,GLN
6,12,4.4875182367507227e+00,4.5875182367507223e+00,C,C,SER,GLN
6,13,3.6665754705146600e+00,3.7665754705146601e+00,C,N,SER,LYS
6,14,4.5017567303352681e+00,4.6017567303352678e+00,C,CA,SER,LYS
6,15,4.9043133974733362e+00,5.0043133974733367e+00,C,C,SER,LYS
6,16,4.4307653670041924e+00,4.5307653670041921e+00,C,N,SER,ALA
6,17,5.4312086691784982e+00,5.5312086691784987e+00,C,CA,SER,ALA
7,8,1.4847208366687623e+00,1.4847208366687623e+00,N,CA,ALA,ALA
7,9,2.4683332630681893e+00,2.4683332630681893e+00,N,C,ALA,ALA
7,10,2.7914447216708003e+00,2.8914447216708004e+00,N,N,ALA,GLN
7,11,4.1774714221269420e+00,4.2774714221269416e+00,N,CA,ALA,GLN
7,12,4.6285430046222951e+00,4.7285430046222947e+00,N,C,ALA,GLN
7,13,4.2346431894069640e+00,4.3346431894069646e+00,N,N,ALA,LYS
7,14,5.2255402404309006e+00,5.3255402404309002e+00,N,CA,ALA,LYS
7,15,5.6775662237525690e+00,5.7775662237525687e+00,N,C,ALA,LYS
7,16,4.9373233116615847e+00,5.0373233116615843e+00,N,N,ALA,ALA
7,17,5.7893920648252859e+00,5.8893920648252864e+00,N,CA,ALA,ALA
8,9,1.5276770373399911e+00,1.5276770373399911e+00,CA,C,ALA,ALA
8,10,2.4162419501519987e+00,2.4162419501519987e+00,CA,N,ALA,GLN
8,11,3.7916225197356574e+00,3.8916225197356575e+00,CA,CA,ALA,GLN
8,12,4.2684580465133912e+00,4.3684580465133909e+00,CA,C,ALA,GLN
8,13,4.1511125502558714e+00,4.2511125502558711e+00,CA,N,ALA,LYS
8,14,5.2745513853967791e+00,5.3745513853967788e+00,CA,CA,ALA,LYS
8,15,5.3323462268858188e+00,5.4323462268858185e+00,CA,C,ALA,LYS
8,16,4.4048283662942440e+00,4.5048283662942445e+00,CA,N,ALA,ALA
8,17,5.0107181860584493e+00,5.1107181860584499e+00,CA,CA,ALA,ALA
9,10,1.3016699993266436e+00,1.3016699993266436e+00,C,N,ALA,GLN
9,11,2.4154098119031260e+00,2.4154098119031260e+00,C,CA,ALA,GLN
9,12,2.8727487182376779e+00,2.9727487182376779e+00,C,C,ALA,GLN
9,13,3.0648390906344130e+00,3.1648390906344126e+00,C,N,ALA,LYS
9,14,4.1990809668767373e+00,4.2990809668767378e+00,C,CA,ALA,LYS
9,15,4.3941762309577523e+00,4.4941762309577520e+00,C,C,ALA,LYS
9,16,3.5267335902908123e+00,3.6267335902908124e+00,C,N,ALA,ALA
9,17,4.3467713466894020e+00,4.4467713466894025e+00,C,CA,ALA,ALA
9,18,5.2047515280469323e+00,5.3047515280469320e+00,C,C,ALA,ALA
9,19,4.8345464241690488e+00,4.9345464241690493e+00,C,N,ALA,LYS
10,11,1.4816505004893306e+00,1.4816505004893306e+00,N,CA,GLN,GLN
10,12,2.4658837506661158e+00,2.4658837506661158e+00,N,C,GLN,GLN
10,13,2.6694970194136141e+00,2.7694970194136141e+00,N,N,GLN,LYS
10,14,4.1189940798866100e+00,4.2189940798866097e+00,N,CA,GLN,LYS
10,15,4.6550603017312264e+00,4.7550603017312261e+00,N,C,GLN,LYS
10,16,4.1801136443748517e+00,4.2801136443748522e+00,N,N,GLN,ALA
10,17,5.1889415249878592e+00,5.2889415249878597e+00,N,CA,GLN,ALA
10,18,5.9637857592199879e+00,6.0637857592199875e+00,N,C,GLN,ALA
10,19,5.4438274140364546e+00,5.5438274140364552e+00,N,N,GLN,LYS
11,12,1.5279928859764869e+00,1.5279928859764869e+00,CA,C,GLN,GLN
11,13,2.4167493922324184e+00,2.4167493922324184e+00,CA,N,GLN,LYS
11,14,3.7797650503493094e+00,3.8797650503493095e+00,CA,CA,GLN,LYS
11,15,4.3970123526985958e+00,4.4970123526985954e+00,CA,C,GLN,LYS
11,16,4.1391880017342135e+00,4.2391880017342132e+00,CA,N,GLN,ALA
11,17,5.2969254885452939e+00,5.3969254885452935e+00,CA,CA,GLN,ALA
11,18,5.6855905823259043e+00,5.7855905823259040e+00,CA,C,GLN,ALA
11,19,4.9228364688933439e+00,5.0228364688933445e+00,CA,N,GLN,LYS
11,20,5.7670792808881401e+00,5.8670792808881407e+00,CA,CA,GLN,LYS
12,13,1.3024975351048267e+00,1.3024975351048267e+00,C,N,GLN,LYS
12,14,2.4233170363687271e+00,2.4233170363687271e+00,C,CA,GLN,LYS
12,15,2.9924785104270852e+00,3.0924785104270853e+00,C,C,GLN,LYS
12,16,3.1267258603544454e+00,3.2267258603544455e+00,C,N,GLN,ALA
12,17,4.3712066895233903e+00,4.4712066895233900e+00,C,CA,GLN,ALA
12,18,4.5840084076977465e+00,4.6840084076977462e+00,C,C,GLN,ALA
12,19,3.9410533317137904e+00,4.0410533317137904e+00,C,N,GLN,LYS
12,20,4.8375244856797748e+00,4.9375244856797744e+00,C,CA,GLN,LYS
12,21,5.3572533458394620e+00,5.4572533458394625e+00,C,C,GLN,LYS
12,22,4.7941515899248879e+00,4.8941515899248875e+00,C,N,GLN,ALA
12,23,5.8112506448343773e+00,5.9112506448343769e+00,C,CA,GLN,ALA
13,14,1.4914308433363108e+00,1.4914308433363108e+00,N,CA,LYS,LYS
13,15,2.4779124671278248e+00,2.4779124671278248e+00,N,C,LYS,LYS
13,16,2.6673629996349399e+00,2.7673629996349396e+00,N,N,LYS,ALA
13,17,4.1723120516730443e+00,4.2723120516730440e+00,N,CA,LYS,ALA
13,18,4.7597858218427911e+00,4.8597858218427907e+00,N,C,LYS,ALA
13,19,4.3924947740869822e+00,4.4924947740869818e+00,N,N,LYS,LYS
13,20,5.4508290393663135e+00,5.5508290393663131e+00,N,CA,LYS,LYS
13,21,5.9054080271232525e+00,6.0054080271232522e+00,N,C,LYS,LYS
13,22,5.0568175681927459e+00,5.1568175681927464e+00,N,N,LYS,ALA
14,15,1.5300411411384796e+00,1.5300411411384796e+00,CA,C,LYS,LYS
14,16,2.4251982802029350e+00,2.4251982802029350e+00,CA,N,LYS,ALA
14,17,3.7559164534964271e+00,3.8559164534964272e+00,CA,CA,LYS,ALA
14,18,4.3218504957918240e+00,4.4218504957918245e+00,CA,C,LYS,ALA
14,19,4.1971233794634468e+00,4.2971233794634465e+00,CA,N,LYS,LYS
14,20,5.2724672328829643e+00,5.3724672328829648e+00,CA,CA,LYS,LYS
14,21,5.3324463224818581e+00,5.4324463224818587e+00,CA,C,LYS,LYS
14,22,4.3166557828268397e+00,4.4166557828268393e+00,CA,N,LYS,ALA
14,23,4.9663037311528315e+00,5.0663037311528312e+00,CA,CA,LYS,ALA
14,24,5.3582256146586023e+00,5.4582256146586019e+00,CA,C,LYS,ALA
14,25,5.6686235905144100e+00,5.7686235905144096e+00,CA,N,LYS,GLU
15,16,1.3041996734964727e+00,1.3041996734964727e+00,C,N,LYS,ALA
15,17,2.4169238289706163e+00,2.4169238289706163e+00,C,CA,LYS,ALA
15,18,2.8876649934605236e+00,2.9876649934605237e+00,C,C,LYS,ALA
15,19,3.0242333880877834e+00,3.1242333880877835e+00,C,N,LYS,LYS
15,20,4.2582815210596152e+00,4.3582815210596149e+00,C,CA,LYS,LYS
15,21,4.3135507186631799e+00,4.4135507186631804e+00,C,C,LYS,LYS
15,22,3.5168152563166575e+00,3.6168152563166576e+00,C,N,LYS,ALA
15,23,4.4003272063258425e+00,4.5003272063258430e+00,C,CA,LYS,ALA
15,24,4.5448518908519349e+00,4.6448518908519345e+00,C,C,LYS,ALA
15,25,4.6046141689727156e+00,4.7046141689727152e+00,C,N,LYS,GLU
15,26,5.2890585076731034e+00,5.3890585076731030e+00,C,CA,LYS,GLU
15,28,5.7045896000284300e+00,5.8045896000284296e+00,C,N,LYS,GLU
16,17,1.4847733157278091e+00,1.4847733157278091e+00,N,CA,ALA,ALA
16,18,2.4660928297518425e+00,2.4660928297518425e+00,N,C,ALA,ALA
16,19,2.7529698025625593e+00,2.8529698025625594e+00,N,N,ALA,LYS
16,20,4.1411164653006987e+00,4.2411164653006983e+00,N,CA,ALA,LYS
16,21,4.6156551529827414e+00,4.7156551529827420e+00,N,C,ALA,LYS
16,22,4.2405997892311627e+00,4.3405997892311632e+00,N,N,ALA,ALA
16,23,5.2579943412417736e+00,5.3579943412417732e+00,N,CA,ALA,ALA
16,24,5.4091735880602982e+00,5.5091735880602979e+00,N,C,ALA,ALA
16,25,5.1420432858625666e+00,5.2420432858625663e+00,N,N,ALA,GLU
16,26,5.8092746927468299e+00,5.9092746927468305e+00,N,CA,ALA,GLU
16,28,5.7389793698255644e+00,5.8389793698255641e+00,N,N,ALA,GLU
17,18,1.5278147121443506e+00,1.5278147121443506e+00,CA,C,ALA,ALA
17,19,2.4159273949517703e+00,2.4159273949517703e+00,CA,N,ALA,LYS
17,20,3.7596615657281691e+00,3.8596615657281688e+00,CA,CA,ALA,LYS
17,21,4.3563508675363849e+00,4.4563508675363845e+00,CA,C,ALA,LYS
17,22,4.2509682433299885e+00,4.3509682433299881e+00,CA,N,ALA,ALA
17,23,5.4308517430005452e+00,5.5308517430005457e+00,CA,CA,ALA,ALA
17,24,5.3358424466263168e+00,5.4358424466263173e+00,CA,C,ALA,ALA
17,25,4.7831738701176123e+00,4.8831738701176128e+00,CA,N,ALA,GLU
17,26,5.2913904474805982e+00,5.3913904474805978e+00,CA,CA,ALA,GLU
17,27,5.3814534488666990e+00,5.4814534488666986e+00,CA,C,ALA,GLU
17,28,4.6576464996781288e+00,4.7576464996781294e+00,CA,N,ALA,GLU
17,29,5.4113989436921042e+00,5.5113989436921047e+00,CA,CA,ALA,GLU
18,19,1.3009341133287586e+00,1.3009341133287586e+00,C,N,ALA,LYS
18,20,2.4135891701402441e+00,2.4135891701402441e+00,C,CA,ALA,LYS
18,21,3.0654378443084176e+00,3.1654378443084177e+00,C,C,ALA,LYS
18,22,3.1808896895794327e+00,3.2808896895794328e+00,C,N,ALA,ALA
18,23,4.4822113988597252e+00,4.5822113988597257e+00,C,CA,ALA,ALA
18,24,4.5292014848369577e+00,4.6292014848369583e+00,C,C,ALA,ALA
18,25,3.8352699256260356e+00,3.9352699256260357e+00,C,N,ALA,GLU
18,26,4.6134935270470656e+00,4.7134935270470653e+00,C,CA,ALA,GLU
18,27,4.7051732124682815e+00,4.8051732124682811e+00,C,C,ALA,GLU
18,28,3.7870726302700182e+00,3.8870726302700183e+00,C,N,ALA,GLU
18,29,4.5413418984914040e+00,4.6413418984914037e+00,C,CA,ALA,GLU
18,30,5.5444547537991040e+00,5.6444547537991037e+00,C,C,ALA,GLU
19,20,1.4794711530337914e+00,1.4794711530337914e+00,N,CA,LYS,LYS
19,21,2.4782750697988516e+00,2.4782750697988516e+00,N,C,LYS,LYS
19,22,2.6682015186382535e+00,2.7682015186382536e+00,N,N,LYS,ALA
19,23,4.1901721901117712e+00,4.2901721901117709e+00,N,CA,LYS,ALA
19,24,4.6714435836005741e+00,4.7714435836005746e+00,N,C,LYS,ALA
19,25,4.3217827080537301e+00,4.4217827080537306e+00,N,N,LYS,GLU
19,26,5.2749315649912880e+00,5.3749315649912877e+00,N,CA,LYS,GLU
19,27,5.5567203830616245e+00,5.6567203830616251e+00,N,C,LYS,GLU
19,28,4.6190276430327657e+00,4.7190276430327653e+00,N,N,LYS,GLU
19,29,5.3819815628852758e+00,5.4819815628852764e+00,N,CA,LYS,GLU
20,21,1.5326534580364464e+00,1.5326534580364464e+00,CA,C,LYS,LYS
20,22,2.4283353079737249e+00,2.4283353079737249e+00,CA,N,LYS,ALA
20,23,3.7616228963864211e+00,3.8616228963864212e+00,CA,CA,LYS,ALA
20,24,4.4997693325956405e+00,4.5997693325956410e+00,CA,C,LYS,ALA
20,25,4.1709134768435128e+00,4.2709134768435124e+00,CA,N,LYS,GLU
20,26,5.3470040475402838e+00,5.4470040475402834e+00,CA,CA,LYS,GLU
20,27,5.5108660045287472e+00,5.6108660045287477e+00,CA,C,LYS,GLU
20,28,4.5885417661314900e+00,4.6885417661314897e+00,CA,N,LYS,GLU
20,29,5.2809931038713156e+00,5.3809931038713161e+00,CA,CA,LYS,GLU
20,30,5.6775835465686768e+00,5.7775835465686765e+00,CA,C,LYS,GLU
21,22,1.3050554809449988e+00,1.3050554809449988e+00,C,N,LYS,ALA
21,23,2.4182337116403252e+00,2.4182337116403252e+00,C,CA,LYS,ALA
21,24,3.2180472832011016e+00,3.3180472832011016e+00,C,C,LYS,ALA
21,25,2.9998882088078496e+00,3.0998882088078492e+00,C,N,LYS,GLU
21,26,4.4271540666835500e+00,4.5271540666835497e+00,C,CA,LYS,GLU
21,27,4.7830692641325516e+00,4.8830692641325513e+00,C,C,LYS,GLU
21,28,4.1733224315854587e+00,4.2733224315854583e+00,C,N,LYS,GLU
21,29,5.2127876975775322e+00,5.3127876975775319e+00,C,CA,LYS,GLU
21,30,5.4255493094534435e+00,5.5255493094534440e+00,C,C,LYS,GLU
21,31,5.5555265305526556e+00,5.6555265305526561e+00,C,N,LYS,ARG
22,23,1.4806154505739095e+00,1.4806154505739095e+00,N,CA,ALA,ALA
22,24,2.4565596500996816e+00,2.4565596500996816e+00,N,C,ALA,ALA
22,25,2.6623615040077007e+00,2.7623615040077008e+00,N,N,ALA,GLU
22,26,4.0447471278004894e+00,4.1447471278004899e+00,N,CA,ALA,GLU
22,27,4.8247724836557868e+00,4.9247724836557873e+00,N,C,ALA,GLU
22,28,4.5379391487368714e+00,4.6379391487368720e+00,N,N,ALA,GLU
22,29,5.7411634020260172e+00,5.8411634020260168e+00,N,CA,ALA,GLU
23,24,1.5163419788645001e+00,1.5163419788645001e+00,CA,C,ALA,ALA
23,25,2.3774510994444897e+00,2.3774510994444897e+00,CA,N,ALA,GLU
23,26,3.6940635748357074e+00,3.7940635748357074e+00,CA,CA,ALA,GLU
23,27,4.8133979399110700e+00,4.9133979399110697e+00,CA,C,ALA,GLU
23,28,4.9002942162156939e+00,5.0002942162156945e+00,CA,N,ALA,GLU
24,25,1.2862350584438529e+00,1.2862350584438529e+00,C,N,ALA,GLU
24,26,2.4059491891702867e+00,2.4059491891702867e+00,C,CA,ALA,GLU
24,27,3.6041075758321437e+00,3.7041075758321433e+00,C,C,ALA,GLU
24,28,3.9895542640370185e+00,4.0895542640370186e+00,C,N,ALA,GLU
24,29,5.4714966711289916e+00,5.5714966711289922e+00,C,CA,ALA,GLU
24,30,5.8548875884981557e+00,5.9548875884981554e+00,C,C,ALA,GLU
24,31,5.4369637706148719e+00,5.5369637706148724e+00,C,N,ALA,ARG
25,26,1.4843694924255071e+00,1.4843694924255071e+00,N,CA,GLU,GLU
25,27,2.4814451468539311e+00,2.4814451468539311e+00,N,C,GLU,GLU
25,28,2.7564898172090952e+00,2.8564898172090953e+00,N,N,GLU,GLU
25,29,4.2047732275334067e+00,4.3047732275334072e+00,N,CA,GLU,GLU
25,30,4.7220583526228506e+00,4.8220583526228502e+00,N,C,GLU,GLU
25,31,4.3809937324127608e+00,4.4809937324127604e+00,N,N,GLU,ARG
25,32,5.4472697647623987e+00,5.5472697647623992e+00,N,CA,GLU,ARG
26,27,1.5313481544242844e+00,1.5313481544242844e+00,CA,C,GLU,GLU
26,28,2.4289697772157641e+00,2.4289697772157641e+00,CA,N,GLU,GLU
26,29,3.7929599905899019e+00,3.8929599905899019e+00,CA,CA,GLU,GLU
26,30,4.4347422498072326e+00,4.5347422498072332e+00,CA,C,GLU,GLU
26,31,4.1100598111722642e+00,4.2100598111722638e+00,CA,N,GLU,ARG
26,32,5.2396197535235052e+00,5.3396197535235057e+00,CA,CA,GLU,ARG
27,28,1.3024318914055020e+00,1.3024318914055020e+00,C,N,GLU,GLU
27,29,2.4145436167016276e+00,2.4145436167016276e+00,C,CA,GLU,GLU
27,30,3.0292646464964625e+00,3.1292646464964626e+00,C,C,GLU,GLU
27,31,2.8600549854723618e+00,2.9600549854723619e+00,C,N,GLU,ARG
27,32,4.1804027178916074e+00,4.2804027178916071e+00,C,CA,GLU,ARG
27,33,5.0298786306253405e+00,5.1298786306253401e+00,C,C,GLU,ARG
27,34,4.7904298937065146e+00,4.8904298937065152e+00,C,N,GLU,LYS
28,29,1.4845289104088213e+00,1.4845289104088213e+00,N,CA,GLU,GLU
28,30,2.4783282701307972e+00,2.4783282701307972e+00,N,C,GLU,GLU
28,31,2.7457695801054687e+00,2.8457695801054688e+00,N,N,GLU,ARG
28,32,4.1562733380485568e+00,4.2562733380485565e+00,N,CA,GLU,ARG
28,33,5.0378849546636486e+00,5.1378849546636483e+00,N,C,GLU,ARG
28,34,4.9762341722116314e+00,5.0762341722116311e+00,N,N,GLU,LYS
29,30,1.5252036943958833e+00,1.5252036943958833e+00,CA,C,GLU,GLU
29,31,2.4105259710206068e+00,2.4105259710206068e+00,CA,N,GLU,ARG
29,32,3.7656920393992768e+00,3.8656920393992769e+00,CA,CA,GLU,ARG
29,33,4.3326305154455031e+00,4.4326305154455028e+00,CA,C,GLU,ARG
29,34,4.2924063797049570e+00,4.3924063797049566e+00,CA,N,GLU,LYS
29,35,5.3198713873268648e+00,5.4198713873268645e+00,CA,CA,GLU,LYS
29,36,5.1568396872815612e+00,5.2568396872815608e+00,CA,C,GLU,LYS
29,41,5.8808457157920468e+00,5.9808457157920465e+00,CA,CA,GLU,ARG
30,31,1.2978078263868063e+00,1.2978078263868063e+00,C,N,GLU,ARG
30,32,2.4077518239925642e+00,2.4077518239925642e+00,C,CA,GLU,ARG
30,33,3.0211013465386505e+00,3.1211013465386506e+00,C,C,GLU,ARG
30,34,3.2368574005164463e+00,3.3368574005164464e+00,C,N,GLU,LYS
30,35,4.4236127880560323e+00,4.5236127880560328e+00,C,CA,GLU,LYS
30,36,4.4730700689736551e+00,4.5730700689736556e+00,C,C,GLU,LYS
30,37,5.6484598878409100e+00,5.7484598878409097e+00,C,N,GLU,ARG
30,39,5.5522325430605193e+00,5.6522325430605189e+00,C,C,GLU,ARG
30,40,5.3081370382837569e+00,5.4081370382837575e+00,C,N,GLU,ARG
30,41,5.1554867340851072e+00,5.2554867340851077e+00,C,CA,GLU,ARG
31,32,1.4797695023121109e+00,1.4797695023121109e+00,N,CA,ARG,ARG
31,33,2.4293089605183891e+00,2.4293089605183891e+00,N,C,ARG,ARG
31,34,2.6658820699443573e+00,2.7658820699443574e+00,N,N,ARG,LYS
31,35,4.0623425961719635e+00,4.1623425961719640e+00,N,CA,ARG,LYS
31,36,4.4457590606290536e+00,4.5457590606290541e+00,N,C,ARG,LYS
31,37,5.7797679478253086e+00,5.8797679478253091e+00,N,N,ARG,ARG
31,40,5.9357714853506218e+00,6.0357714853506215e+00,N,N,ARG,ARG
32,33,1.5232011682540885e+00,1.5232011682540885e+00,CA,C,ARG,ARG
32,34,2.3990791709888484e+00,2.3990791709888484e+00,CA,N,ARG,LYS
32,35,3.7480648018362510e+00,3.8480648018362507e+00,CA,CA,ARG,LYS
32,36,4.3864302471124796e+00,4.4864302471124802e+00,CA,C,ARG,LYS
32,37,5.6629078604821901e+00,5.7629078604821906e+00,CA,N,ARG,ARG
32,40,5.7755097793846275e+00,5.8755097793846272e+00,CA,N,ARG,ARG
32,41,5.8597876960045090e+00,5.9597876960045095e+00,CA,CA,ARG,ARG
33,34,1.3020433699055449e+00,1.3020433699055449e+00,C,N,ARG,LYS
33,35,2.4192074244696502e+00,2.4192074244696502e+00,C,CA,ARG,LYS
33,36,3.1473642333530600e+00,3.2473642333530601e+00,C,C,ARG,LYS
33,37,4.2859195486628021e+00,4.3859195486628018e+00,C,N,ARG,ARG
33,38,5.3841899123232979e+00,5.4841899123232976e+00,C,CA,ARG,ARG
33,39,5.1591069438739394e+00,5.2591069438739400e+00,C,C,ARG,ARG
33,40,4.6934993689650266e+00,4.7934993689650263e+00,C,N,ARG,ARG
33,41,5.1072201927840872e+00,5.2072201927840869e+00,C,CA,ARG,ARG
34,35,1.4769006268092881e+00,1.4769006268092881e+00,N,CA,LYS,LYS
34,36,2.4495503029747336e+00,2.4495503029747336e+00,N,C,LYS,LYS
34,37,3.5662242042340662e+00,3.6662242042340663e+00,N,N,LYS,ARG
34,38,4.8386716457421217e+00,4.9386716457421223e+00,N,CA,LYS,ARG
34,39,4.9103287047242921e+00,5.0103287047242917e+00,N,C,LYS,ARG
34,40,4.7021985004824201e+00,4.8021985004824206e+00,N,N,LYS,ARG
34,41,5.4560346320453474e+00,5.5560346320453480e+00,N,CA,LYS,ARG
35,36,1.5304251278991547e+00,1.5304251278991547e+00,CA,C,LYS,LYS
35,37,2.4327051762731591e+00,2.4327051762731591e+00,CA,N,LYS,ARG
35,38,3.8242175976833406e+00,3.9242175976833407e+00,CA,CA,LYS,ARG
35,39,4.2193164686585218e+00,4.3193164686585215e+00,CA,C,LYS,ARG
35,40,4.2525151595681177e+00,4.3525151595681173e+00,CA,N,LYS,ARG
35,41,5.2519972400953874e+00,5.3519972400953879e+00,CA,CA,LYS,ARG
36,37,1.3034188848992927e+00,1.3034188848992927e+00,C,N,LYS,ARG
36,38,2.4224764774796803e+00,2.4224764774796803e+00,C,CA,LYS,ARG
36,39,2.7650088563908368e+00,2.8650088563908365e+00,C,C,LYS,ARG
36,40,2.9692231919452650e+00,3.0692231919452651e+00,C,N,LYS,ARG
36,41,4.1541029322808951e+00,4.2541029322808948e+00,C,CA,LYS,ARG
36,42,5.3026930341903435e+00,5.4026930341903432e+00,C,C,LYS,ARG
36,43,5.5572260000283720e+00,5.6572260000283716e+00,C,N,LYS,LYS
37,38,1.4930669570407089e+00,1.4930669570407089e+00,N,CA,ARG,ARG
37,39,2.4823925931840543e+00,2.4823925931840543e+00,N,C,ARG,ARG
37,40,2.8365402143512242e+00,2.9365402143512243e+00,N,N,ARG,ARG
37,41,4.2820189781266942e+00,4.3820189781266938e+00,N,CA,ARG,ARG
37,42,5.2791412273671225e+00,5.3791412273671231e+00,N,C,ARG,ARG
37,43,5.3050455098480116e+00,5.4050455098480112e+00,N,N,ARG,LYS
38,39,1.5309363573355494e+00,1.5309363573355494e+00,CA,C,ARG,ARG
38,40,2.4261509756073592e+00,2.4261509756073592e+00,CA,N,ARG,ARG
38,41,3.7482350679575513e+00,3.8482350679575514e+00,CA,CA,ARG,ARG
38,42,4.3236091563475769e+00,4.4236091563475775e+00,CA,C,ARG,ARG
38,43,4.2188425381309580e+00,4.3188425381309585e+00,CA,N,ARG,LYS
38,44,5.3431629357746706e+00,5.4431629357746711e+00,CA,CA,ARG,LYS
38,45,5.6998359693155685e+00,5.7998359693155690e+00,CA,C,ARG,LYS
38,46,5.4485286544226490e+00,5.5485286544226486e+00,CA,N,ARG,MET
39,40,1.3045715789775405e+00,1.3045715789775405e+00,C,N,ARG,ARG
39,41,2.4224032599138656e+00,2.4224032599138656e+00,C,CA,ARG,ARG
39,42,2.9569801066505255e+00,3.0569801066505251e+00,C,C,ARG,ARG
39,43,2.9055121516376539e+00,3.0055121516376540e+00,C,N,ARG,LYS
39,44,4.1249755424397394e+00,4.2249755424397391e+00,C,CA,ARG,LYS
39,45,4.7070245719915986e+00,4.8070245719915983e+00,C,C,ARG,LYS
39,46,4.7818570781289740e+00,4.8818570781289745e+00,C,N,ARG,MET
39,47,5.8622994667697101e+00,5.9622994667697107e+00,C,CA,ARG,MET
40,41,1.4876226667786736e+00,1.4876226667786736e+00,N,CA,ARG,ARG
40,42,2.4816625799844214e+00,2.4816625799844214e+00,N,C,ARG,ARG
40,43,2.8790341678811227e+00,2.9790341678811227e+00,N,N,ARG,LYS
40,44,4.2814084277861619e+00,4.3814084277861616e+00,N,CA,ARG,LYS
40,45,4.6324237834685933e+00,4.7324237834685938e+00,N,C,ARG,LYS
40,46,4.9806615315273053e+00,5.0806615315273058e+00,N,N,ARG,MET
40,47,5.8726517374403118e+00,5.9726517374403114e+00,N,CA,ARG,MET
41,42,1.5309898421741210e+00,1.5309898421741210e+00,CA,C,ARG,ARG
41,43,2.4285611148139323e+00,2.4285611148139323e+00,CA,N,ARG,LYS
41,44,3.8177872303831024e+00,3.9177872303831021e+00,CA,CA,ARG,LYS
41,45,4.2739330256147872e+00,4.3739330256147868e+00,CA,C,ARG,LYS
41,46,5.0434394369006412e+00,5.1434394369006409e+00,CA,N,ARG,MET
42,43,1.3052329289028302e+00,1.3052329289028302e+00,C,N,ARG,LYS
42,44,2.4231403104986513e+00,2.4231403104986513e+00,C,CA,ARG,LYS
42,45,2.8340838635701200e+00,2.9340838635701201e+00,C,C,ARG,LYS
42,46,3.7635151857162423e+00,3.8635151857162424e+00,C,N,ARG,MET
42,47,4.7551721899275785e+00,4.8551721899275790e+00,C,CA,ARG,MET
42,48,5.5102443149698388e+00,5.6102443149698384e+00,C,C,ARG,MET
43,44,1.4892057729206685e+00,1.4892057729206685e+00,N,CA,LYS,LYS
43,45,2.4747198059929274e+00,2.4747198059929274e+00,N,C,LYS,LYS
43,46,3.1269567338159208e+00,3.2269567338159209e+00,N,N,LYS,MET
43,47,4.4666361204720477e+00,4.5666361204720474e+00,N,CA,LYS,MET
43,48,5.2647473643240081e+00,5.3647473643240087e+00,N,C,LYS,MET
44,45,1.5288236314845676e+00,1.5288236314845676e+00,CA,C,LYS,LYS
44,46,2.4193241581948923e+00,2.4193241581948923e+00,CA,N,LYS,MET
44,47,3.8128491415765331e+00,3.9128491415765332e+00,CA,CA,LYS,MET
44,48,4.2647702641759109e+00,4.3647702641759105e+00,CA,C,LYS,MET
44,49,5.5444272250176381e+00,5.6444272250176386e+00,CA,N,LYS,SER
45,46,1.3022119445663940e+00,1.3022119445663940e+00,C,N,LYS,MET
45,47,2.4216698547869751e+00,2.4216698547869751e+00,C,CA,LYS,MET
45,48,2.8307593397480022e+00,2.9307593397480023e+00,C,C,LYS,MET
45,49,4.0685979503057776e+00,4.1685979503057773e+00,C,N,LYS,SER
45,50,5.0361466410689939e+00,5.1361466410689935e+00,C,CA,LYS,SER
45,51,5.7548607623845740e+00,5.8548607623845736e+00,C,C,LYS,SER
45,52,5.2880988121262540e+00,5.3880988121262536e+00,C,N,LYS,ARG
46,47,1.4912615613812770e+00,1.4912615613812770e+00,N,CA,MET,MET
46,48,2.4782771221218947e+00,2.4782771221218947e+00,N,C,MET,MET
46,49,3.5863904323627338e+00,3.6863904323627334e+00,N,N,MET,SER
46,50,4.8221625332141933e+00,4.9221625332141938e+00,N,CA,MET,SER
46,51,5.3945478115917043e+00,5.4945478115917048e+00,N,C,MET,SER
46,52,4.9021421007227524e+00,5.0021421007227529e+00,N,N,MET,ARG
47,48,1.5310350900363185e+00,1.5310350900363185e+00,CA,C,MET,MET
47,49,2.4268416614843131e+00,2.4268416614843131e+00,CA,N,MET,SER
47,50,3.8036547454516541e+00,3.9036547454516541e+00,CA,CA,MET,SER
47,51,4.4229942908396733e+00,4.5229942908396730e+00,CA,C,MET,SER
47,52,4.2793495660346625e+00,4.3793495660346631e+00,CA,N,MET,ARG
47,53,5.4336157203225861e+00,5.5336157203225866e+00,CA,CA,MET,ARG
48,49,1.3048540721099118e+00,1.3048540721099118e+00,C,N,MET,SER
48,50,2.4221926903471553e+00,2.4221926903471553e+00,C,CA,MET,SER
48,51,3.1173135620567827e+00,3.2173135620567828e+00,C,C,MET,SER
48,52,2.9883031812320211e+00,3.0883031812320207e+00,C,N,MET,ARG
48,53,4.3613471575207035e+00,4.4613471575207031e+00,C,CA,MET,ARG
48,54,4.9388136850816053e+00,5.0388136850816050e+00,C,C,MET,ARG
48,55,5.8019066568059854e+00,5.9019066568059850e+00,C,N,MET,GLY
49,50,1.4902218328339198e+00,1.4902218328339198e+00,N,CA,SER,SER
49,51,2.4757035594855914e+00,2.4757035594855914e+00,N,C,SER,SER
49,52,2.8889611705978941e+00,2.9889611705978942e+00,N,N,SER,ARG
49,53,4.2614244797369629e+00,4.3614244797369635e+00,N,CA,SER,ARG
49,54,5.2029128765228227e+00,5.3029128765228224e+00,N,C,SER,ARG
50,51,1.5292941622857068e+00,1.5292941622857068e+00,CA,C,SER,SER
50,52,2.4243202924043508e+00,2.4243202924043508e+00,CA,N,SER,ARG
50,53,3.8057383239745297e+00,3.9057383239745298e+00,CA,CA,SER,ARG
50,54,4.8082846104746029e+00,4.9082846104746025e+00,CA,C,SER,ARG
50,55,5.2698805213125031e+00,5.3698805213125027e+00,CA,N,SER,GLY
51,52,1.3045513695473265e+00,1.3045513695473265e+00,C,N,SER,ARG
51,53,2.4170005177428888e+00,2.4170005177428888e+00,C,CA,SER,ARG
51,54,3.5450815739003398e+00,3.6450815739003395e+00,C,C,SER,ARG
51,55,4.1216590704623846e+00,4.2216590704623842e+00,C,N,SER,GLY
51,56,5.4931685944833815e+00,5.5931685944833820e+00,C,CA,SER,GLY
52,53,1.4796353617936919e+00,1.4796353617936919e+00,N,CA,ARG,ARG
52,54,2.4653442290275245e+00,2.4653442290275245e+00,N,C,ARG,ARG
52,55,3.1467866064157071e+00,3.2467866064157067e+00,N,N,ARG,GLY
52,56,4.4602154050872072e+00,4.5602154050872077e+00,N,CA,ARG,GLY
52,57,5.3506255328225558e+00,5.4506255328225564e+00,N,C,ARG,GLY
52,58,5.2290946058046464e+00,5.3290946058046460e+00,N,N,ARG,LEU
53,54,1.5299389909167520e+00,1.5299389909167520e+00,CA,C,ARG,ARG
53,55,2.4264497699021712e+00,2.4264497699021712e+00,CA,N,ARG,GLY
53,56,3.7547720370743103e+00,3.8547720370743104e+00,CA,CA,ARG,GLY
53,57,4.3422756238066800e+00,4.4422756238066805e+00,CA,C,ARG,GLY
53,58,4.1761389342354027e+00,4.2761389342354033e+00,CA,N,ARG,LEU
53,59,5.2683592545575468e+00,5.3683592545575465e+00,CA,CA,ARG,LEU
54,55,1.3047340307755901e+00,1.3047340307755901e+00,C,N,ARG,GLY
54,56,2.4218871426903466e+00,2.4218871426903466e+00,C,CA,ARG,GLY
54,57,2.9586178624212227e+00,3.0586178624212224e+00,C,C,ARG,GLY
54,58,2.8313697661382147e+00,2.9313697661382148e+00,C,N,ARG,LEU
54,59,4.1839430067310293e+00,4.2839430067310289e+00,C,CA,ARG,LEU
54,60,5.2760109870901175e+00,5.3760109870901172e+00,C,C,ARG,LEU
55,56,1.4900276034950373e+00,1.4900276034950373e+00,N,CA,GLY,GLY
55,57,2.4664941853367268e+00,2.4664941853367268e+00,N,C,GLY,GLY
55,58,2.8868627861801066e+00,2.9868627861801067e+00,N,N,GLY,LEU
55,59,4.2456463442301029e+00,4.3456463442301025e+00,N,CA,GLY,LEU
55,60,5.2860011562996565e+00,5.3860011562996570e+00,N,C,GLY,LEU
56,57,1.5294260665668360e+00,1.5294260665668360e+00,CA,C,GLY,GLY
56,58,2.4264626503217448e+00,2.4264626503217448e+00,CA,N,GLY,LEU
56,59,3.7370591653575600e+00,3.8370591653575596e+00,CA,CA,GLY,LEU
56,60,4.4752613783045758e+00,4.5752613783045755e+00,CA,C,GLY,LEU
57,58,1.3051608595099935e+00,1.3051608595099935e+00,C,N,GLY,LEU
57,59,2.4231204854897039e+00,2.4231204854897039e+00,C,CA,GLY,LEU
57,60,3.1245745292855687e+00,3.2245745292855688e+00,C,C,GLY,LEU
58,59,1.4920402990677297e+00,1.4920402990677297e+00,N,CA,LEU,LEU
58,60,2.4803970081230453e+00,2.4803970081230453e+00,N,C,LEU,LEU
59,60,1.5321582753747658e+00,1.5321582753747658e+00,CA,C,LEU,LEU
